ronda,hospital,train_loss,train_acc,val_loss,val_acc,train_samples,val_samples,test_samples
1,Hospital_1,NA,NA,0.2900102287530899,0.9318181818181818,NA,176,119
1,Hospital_2,0.3818092367478779,0.8721719457013575,0.3479081317782402,0.9261363636363636,884,176,119
1,Hospital_3,0.11237682615007673,0.9728506787330317,0.3800256997346878,0.9261363636363636,884,176,119
1,Hospital_4,NA,NA,0.34955742955207825,0.9659090909090909,NA,176,119
1,Hospital_5,0.09493658798081535,0.9773755656108597,0.30947162210941315,0.9261363636363636,884,176,119
1,Hospital_6,NA,NA,0.2927525043487549,0.9375,NA,176,119
1,Hospital_7,0.12114714511803218,0.9705882352941176,0.32712753862142563,0.9545454545454546,884,176,119
1,Hospital_8,0.09903044040713992,0.9728813559322034,0.2960992828011513,0.96045197740113,885,177,118
1,Hospital_9,0.3360309238944735,0.8766968325791855,0.2848125547170639,0.9545454545454546,884,176,119
1,Hospital_10,0.06728978188974517,0.9796380090497737,0.38257863372564316,0.9204545454545454,884,176,119
1,Hospital_11,0.10621696976678711,0.9717194570135747,0.32959067821502686,0.9318181818181818,884,176,119
1,Hospital_12,0.11444442666002683,0.9671945701357466,0.318296879529953,0.9602272727272727,884,176,119
1,Hospital_13,NA,NA,0.2547904849052429,0.9602272727272727,NA,176,119
1,Hospital_14,0.09750645235180855,0.9819004524886877,0.3126664459705353,0.9602272727272727,884,176,119
1,Hospital_15,0.11879536562732287,0.9751131221719457,0.31754420697689056,0.9431818181818182,884,176,119
1,Hospital_16,NA,NA,0.3376937359571457,0.9431818181818182,NA,176,119
1,Hospital_17,NA,NA,0.34443263709545135,0.9431818181818182,NA,176,119
1,Hospital_18,NA,NA,0.3199329972267151,0.9488636363636364,NA,176,119
1,Hospital_19,NA,NA,0.28221699595451355,0.9431818181818182,NA,176,119
1,Hospital_20,1.0924642852374487,0.6131221719457014,0.31990598142147064,0.9602272727272727,884,176,119
1,Hospital_21,0.06752439322216171,0.9852941176470589,0.366798460483551,0.9090909090909091,884,176,119
1,Hospital_22,0.10403630669627871,0.9751131221719457,0.3580438047647476,0.9204545454545454,884,176,119
1,Hospital_23,0.9007685823099953,0.6990950226244343,0.3353630378842354,0.9659090909090909,884,176,119
1,Hospital_24,0.09870628852929388,0.9740112994350283,0.46052609384059906,0.9209039548022598,885,177,118
1,Hospital_25,NA,NA,0.36260445415973663,0.9204545454545454,NA,176,119
1,Hospital_26,0.08676446708185333,0.9773755656108597,0.36247648298740387,0.8977272727272727,884,176,119
1,Hospital_27,NA,NA,0.26284971833229065,0.9772727272727273,NA,176,119
1,Hospital_28,NA,NA,0.4005093425512314,0.9261363636363636,NA,176,119
1,Hospital_29,NA,NA,0.4087493568658829,0.8863636363636364,NA,176,119
1,Hospital_30,NA,NA,0.3631378710269928,0.9375,NA,176,119
1,Hospital_31,0.09251448352422033,0.9717194570135747,0.287369467318058,0.9545454545454546,884,176,119
1,Hospital_32,0.09115828626922198,0.9762443438914027,0.3572564870119095,0.9545454545454546,884,176,119
1,Hospital_33,0.1025217633162226,0.9660633484162896,0.33438342809677124,0.9318181818181818,884,176,119
1,Hospital_34,NA,NA,0.33163854479789734,0.9261363636363636,NA,176,119
1,Hospital_35,0.12153910526207515,0.9671945701357466,0.3284365236759186,0.9318181818181818,884,176,119
1,Hospital_36,0.09391131890671593,0.9728813559322034,0.33048488199710846,0.9491525423728814,885,177,118
1,Hospital_37,NA,NA,0.30927781760692596,0.9318181818181818,NA,176,119
1,Hospital_38,NA,NA,0.31048495322465897,0.9488636363636364,NA,176,119
1,Hospital_39,0.12219829538038798,0.9615384615384616,0.35204581171274185,0.9431818181818182,884,176,119
1,Hospital_40,0.10669581804956708,0.9649321266968326,0.27443060278892517,0.9602272727272727,884,176,119
1,Hospital_41,0.08317439151661736,0.9762443438914027,0.3575010448694229,0.9204545454545454,884,176,119
1,Hospital_42,NA,NA,0.3627665191888809,0.9147727272727273,NA,176,119
1,Hospital_43,0.05767505882041795,0.9841628959276018,0.2827918231487274,0.9715909090909091,884,176,119
1,Hospital_44,0.09053498719419752,0.9796380090497737,0.30258139222860336,0.9545454545454546,884,176,119
1,Hospital_45,NA,NA,0.30714772641658783,0.9545454545454546,NA,176,119
1,Hospital_46,0.19035072837557113,0.9490950226244343,0.36464984714984894,0.9034090909090909,884,176,119
1,Hospital_47,NA,NA,0.31461311876773834,0.9431818181818182,NA,176,119
1,Hospital_48,0.11312289057033402,0.9739819004524887,0.2573401629924774,0.9829545454545454,884,176,119
1,Hospital_49,NA,NA,0.3806132823228836,0.9152542372881356,NA,177,118
1,Hospital_50,0.08220074432236808,0.9852941176470589,0.40341895818710327,0.9034090909090909,884,176,119
2,Hospital_1,NA,NA,0.086294986307621,0.9772727272727273,NA,176,119
2,Hospital_2,0.025701469076531275,0.9909502262443439,0.1293777972459793,0.9772727272727273,884,176,119
2,Hospital_3,NA,NA,0.1948625072836876,0.9602272727272727,NA,176,119
2,Hospital_4,NA,NA,0.12277371250092983,0.9772727272727273,NA,176,119
2,Hospital_5,0.2019832921879632,0.9513574660633484,0.07338280417025089,0.9772727272727273,884,176,119
2,Hospital_6,NA,NA,0.06409574300050735,0.9943181818181818,NA,176,119
2,Hospital_7,1.1985111321721758,0.5656108597285068,0.08955035731196404,0.9829545454545454,884,176,119
2,Hospital_8,NA,NA,0.05341728776693344,0.9943502824858758,NA,177,118
2,Hospital_9,0.06363796602402415,0.9819004524886877,0.05509652569890022,0.9943181818181818,884,176,119
2,Hospital_10,0.0354486419154065,0.9852941176470589,0.11611166037619114,0.9772727272727273,884,176,119
2,Hospital_11,0.14865860768726893,0.9389140271493213,0.10074004717171192,0.9829545454545454,884,176,119
2,Hospital_12,0.04949286619999579,0.9864253393665159,0.06432893499732018,0.9886363636363636,884,176,119
2,Hospital_13,NA,NA,0.04797219019383192,0.9943181818181818,NA,176,119
2,Hospital_14,NA,NA,0.055627988651394844,0.9943181818181818,NA,176,119
2,Hospital_15,0.03619934033070292,0.9875565610859729,0.056913021951913834,0.9943181818181818,884,176,119
2,Hospital_16,NA,NA,0.10208883881568909,0.9829545454545454,NA,176,119
2,Hospital_17,0.045182104621614726,0.9852941176470589,0.11867418885231018,0.9715909090909091,884,176,119
2,Hospital_18,0.1090607653771128,0.9819004524886877,0.09499323833733797,0.9886363636363636,884,176,119
2,Hospital_19,NA,NA,0.05733388941735029,0.9943181818181818,NA,176,119
2,Hospital_20,0.0358069096026676,0.9898190045248869,0.11342057585716248,0.9545454545454546,884,176,119
2,Hospital_21,0.033335721253284385,0.9886877828054299,0.09444582462310791,0.9772727272727273,884,176,119
2,Hospital_22,NA,NA,0.1396006979048252,0.9715909090909091,NA,176,119
2,Hospital_23,0.043605332395860126,0.9830316742081447,0.09592999890446663,0.9772727272727273,884,176,119
2,Hospital_24,NA,NA,0.19351627305150032,0.9548022598870056,NA,177,118
2,Hospital_25,0.03914999842111554,0.9886877828054299,0.10552369430661201,0.9772727272727273,884,176,119
2,Hospital_26,NA,NA,0.14032400585711002,0.9545454545454546,NA,176,119
2,Hospital_27,NA,NA,0.06813323684036732,0.9886363636363636,NA,176,119
2,Hospital_28,0.04751034267246723,0.9841628959276018,0.12976790219545364,0.9602272727272727,884,176,119
2,Hospital_29,NA,NA,0.17727133631706238,0.9659090909090909,NA,176,119
2,Hospital_30,0.10065421462059021,0.9615384615384616,0.13514462113380432,0.9772727272727273,884,176,119
2,Hospital_31,NA,NA,0.07824494875967503,0.9829545454545454,NA,176,119
2,Hospital_32,0.07019880733319692,0.9807692307692307,0.12200367357581854,0.9715909090909091,884,176,119
2,Hospital_33,NA,NA,0.061070581898093224,0.9886363636363636,NA,176,119
2,Hospital_34,0.037699357739516666,0.9898190045248869,0.11769021674990654,0.9886363636363636,884,176,119
2,Hospital_35,0.06833721670721259,0.9819004524886877,0.11065436527132988,0.9829545454545454,884,176,119
2,Hospital_36,0.05403683228152139,0.9819209039548022,0.09643945470452309,0.9830508474576272,885,177,118
2,Hospital_37,0.06616889392690999,0.9751131221719457,0.05586628708988428,0.9943181818181818,884,176,119
2,Hospital_38,NA,NA,0.06003054231405258,0.9943181818181818,NA,176,119
2,Hospital_39,0.03941541191722665,0.9841628959276018,0.12911859154701233,0.9772727272727273,884,176,119
2,Hospital_40,0.0427504155252661,0.9852941176470589,0.05480809323489666,0.9943181818181818,884,176,119
2,Hospital_41,NA,NA,0.1035657599568367,0.9715909090909091,NA,176,119
2,Hospital_42,0.040333732696516175,0.9864253393665159,0.15179300121963024,0.9602272727272727,884,176,119
2,Hospital_43,NA,NA,0.10522404313087463,0.9829545454545454,NA,176,119
2,Hospital_44,0.6944068670272827,0.8438914027149321,0.0795503668487072,0.9886363636363636,884,176,119
2,Hospital_45,0.042173103296331,0.9852941176470589,0.059232162311673164,0.9943181818181818,884,176,119
2,Hospital_46,0.043137600645422935,0.9852941176470589,0.11642426252365112,0.9772727272727273,884,176,119
2,Hospital_47,NA,NA,0.0651579424738884,0.9943181818181818,NA,176,119
2,Hospital_48,0.049358515334980826,0.9830316742081447,0.047150664031505585,0.9886363636363636,884,176,119
2,Hospital_49,0.029102505849940435,0.9898305084745763,0.12654618732631207,0.9774011299435028,885,177,118
2,Hospital_50,0.04112175107002258,0.9864253393665159,0.1583577860146761,0.9659090909090909,884,176,119
3,Hospital_1,0.027950978704861233,0.9886877828054299,0.0448467843234539,0.9829545454545454,884,176,119
3,Hospital_2,0.01659335255888956,0.994343891402715,0.05139763990882784,0.9886363636363636,884,176,119
3,Hospital_3,0.030204737558960915,0.9898190045248869,0.16804657131433487,0.9602272727272727,884,176,119
3,Hospital_4,0.021090282326830283,0.9920814479638009,0.08171508274972439,0.9772727272727273,884,176,119
3,Hospital_5,NA,NA,0.042675165459513664,0.9829545454545454,NA,176,119
3,Hospital_6,NA,NA,0.01714993780478835,1.0,NA,176,119
3,Hospital_7,0.027033663487860134,0.9909502262443439,0.04961551958695054,0.9829545454545454,884,176,119
3,Hospital_8,0.02163412980735302,0.992090395480226,0.021122783422470093,0.9943502824858758,885,177,118
3,Hospital_9,NA,NA,0.013627352891489863,1.0,NA,176,119
3,Hospital_10,0.026801937126687596,0.9886877828054299,0.057646167697384953,0.9829545454545454,884,176,119
3,Hospital_11,NA,NA,0.05465110298246145,0.9829545454545454,NA,176,119
3,Hospital_12,0.02998132085693734,0.9886877828054299,0.018561536446213722,1.0,884,176,119
3,Hospital_13,NA,NA,0.022071458864957094,0.9943181818181818,NA,176,119
3,Hospital_14,0.07600774190255574,0.9785067873303167,0.029159341007471085,0.9943181818181818,884,176,119
3,Hospital_15,NA,NA,0.02016589418053627,1.0,NA,176,119
3,Hospital_16,0.03179295227995941,0.9841628959276018,0.06002665497362614,0.9829545454545454,884,176,119
3,Hospital_17,0.032287307881883213,0.9841628959276018,0.09923194348812103,0.9772727272727273,884,176,119
3,Hospital_18,NA,NA,0.047073798486962914,0.9886363636363636,NA,176,119
3,Hospital_19,NA,NA,0.025830432772636414,0.9943181818181818,NA,176,119
3,Hospital_20,NA,NA,0.06309813633561134,0.9715909090909091,NA,176,119
3,Hospital_21,0.018716706362153803,0.995475113122172,0.051132457330822945,0.9829545454545454,884,176,119
3,Hospital_22,0.019029296934604645,0.998868778280543,0.08139373105950654,0.9715909090909091,884,176,119
3,Hospital_23,NA,NA,0.054248041938990355,0.9886363636363636,NA,176,119
3,Hospital_24,NA,NA,0.12508487701416016,0.96045197740113,NA,177,118
3,Hospital_25,0.02925446123949119,0.9886877828054299,0.054332764353603125,0.9772727272727273,884,176,119
3,Hospital_26,0.030003669871283428,0.9886877828054299,0.08918983116745949,0.9659090909090909,884,176,119
3,Hospital_27,NA,NA,0.035798571771010756,0.9886363636363636,NA,176,119
3,Hospital_28,0.033348239426101954,0.9875565610859729,0.07838663994334638,0.9715909090909091,884,176,119
3,Hospital_29,0.039849521326167245,0.9807692307692307,0.1431829109787941,0.9715909090909091,884,176,119
3,Hospital_30,0.020716311343546425,0.9920814479638009,0.07484300248324871,0.9772727272727273,884,176,119
3,Hospital_31,0.9265149501817567,0.755656108597285,0.03974647959694266,0.9886363636363636,884,176,119
3,Hospital_32,0.02743988603885685,0.9898190045248869,0.07305906340479851,0.9715909090909091,884,176,119
3,Hospital_33,NA,NA,0.027282568626105785,0.9943181818181818,NA,176,119
3,Hospital_34,0.024514836525278434,0.9909502262443439,0.08648859499953687,0.9886363636363636,884,176,119
3,Hospital_35,NA,NA,0.060946086421608925,0.9829545454545454,NA,176,119
3,Hospital_36,NA,NA,0.05532500706613064,0.9830508474576272,NA,177,118
3,Hospital_37,0.02447958410318409,0.9898190045248869,0.03366688545793295,0.9886363636363636,884,176,119
3,Hospital_38,0.023201763097729002,0.995475113122172,0.01972821354866028,0.9943181818181818,884,176,119
3,Hospital_39,0.019357995130121708,0.9932126696832579,0.08379862108267844,0.9829545454545454,884,176,119
3,Hospital_40,NA,NA,0.025056317914277315,0.9943181818181818,NA,176,119
3,Hospital_41,0.018424102371292456,0.9920814479638009,0.04019358195364475,0.9943181818181818,884,176,119
3,Hospital_42,0.022192027685897692,0.9909502262443439,0.10241749975830317,0.9659090909090909,884,176,119
3,Hospital_43,NA,NA,0.07721802685409784,0.9829545454545454,NA,176,119
3,Hospital_44,0.040680832628692896,0.9841628959276018,0.03935140883550048,0.9886363636363636,884,176,119
3,Hospital_45,0.03343408794275352,0.9886877828054299,0.02019102592021227,0.9943181818181818,884,176,119
3,Hospital_46,NA,NA,0.08740826090797782,0.9829545454545454,NA,176,119
3,Hospital_47,0.025603678077459335,0.9909502262443439,0.028008501045405865,0.9943181818181818,884,176,119
3,Hospital_48,NA,NA,0.02291919570416212,0.9943181818181818,NA,176,119
3,Hospital_49,0.023248414575521435,0.992090395480226,0.07849390618503094,0.9774011299435028,885,177,118
3,Hospital_50,NA,NA,0.1136574074625969,0.9829545454545454,NA,176,119
4,Hospital_1,NA,NA,0.022336206398904324,0.9943181818181818,NA,176,119
4,Hospital_2,NA,NA,0.020199301070533693,0.9943181818181818,NA,176,119
4,Hospital_3,0.018806884198316505,0.995475113122172,0.126004196703434,0.9715909090909091,884,176,119
4,Hospital_4,NA,NA,0.0388013725169003,0.9943181818181818,NA,176,119
4,Hospital_5,0.01448806218935975,0.995475113122172,0.030644585378468037,0.9886363636363636,884,176,119
4,Hospital_6,0.01936349512210914,0.9920814479638009,0.007473254110664129,1.0,884,176,119
4,Hospital_7,0.01599737356549927,0.998868778280543,0.018818481941707432,0.9943181818181818,884,176,119
4,Hospital_8,0.014732408536864179,0.9954802259887006,0.016085187904536724,0.9943502824858758,885,177,118
4,Hospital_9,0.025483402822698866,0.994343891402715,0.0057101771235466,1.0,884,176,119
4,Hospital_10,0.013683740847877093,0.996606334841629,0.0246735957916826,0.9943181818181818,884,176,119
4,Hospital_11,NA,NA,0.02130677888635546,1.0,NA,176,119
4,Hospital_12,0.02923797576555184,0.9909502262443439,0.01080009387806058,1.0,884,176,119
4,Hospital_13,0.016881298140755722,0.9932126696832579,0.010755033232271671,1.0,884,176,119
4,Hospital_14,0.017885143868625164,0.9920814479638009,0.007110120845027268,1.0,884,176,119
4,Hospital_15,0.014595422494624342,0.997737556561086,0.007025352446362376,1.0,884,176,119
4,Hospital_16,0.0148041821750147,0.997737556561086,0.02384450170211494,0.9943181818181818,884,176,119
4,Hospital_17,0.016973918436893394,0.9920814479638009,0.09500242350623012,0.9829545454545454,884,176,119
4,Hospital_18,NA,NA,0.02511708647944033,0.9886363636363636,NA,176,119
4,Hospital_19,0.01751420261072261,0.996606334841629,0.01193318422883749,1.0,884,176,119
4,Hospital_20,NA,NA,0.03687039576470852,0.9829545454545454,NA,176,119
4,Hospital_21,NA,NA,0.017434149980545044,1.0,NA,176,119
4,Hospital_22,NA,NA,0.03762379731051624,0.9886363636363636,NA,176,119
4,Hospital_23,NA,NA,0.01800453895702958,1.0,NA,176,119
4,Hospital_24,0.025167970452457666,0.9898305084745763,0.07025314681231976,0.9830508474576272,885,177,118
4,Hospital_25,0.015664337468998774,0.994343891402715,0.01815266301855445,1.0,884,176,119
4,Hospital_26,0.02352416595177991,0.9920814479638009,0.05109483748674393,0.9886363636363636,884,176,119
4,Hospital_27,0.01584020416651453,0.994343891402715,0.017163364216685295,1.0,884,176,119
4,Hospital_28,0.0323113277554512,0.995475113122172,0.031380998087115586,0.9943181818181818,884,176,119
4,Hospital_29,0.013556967422898327,0.997737556561086,0.10429127886891365,0.9772727272727273,884,176,119
4,Hospital_30,0.010524375796584147,0.996606334841629,0.05489422380924225,0.9886363636363636,884,176,119
4,Hospital_31,NA,NA,0.019631582079455256,0.9943181818181818,NA,176,119
4,Hospital_32,NA,NA,0.024780983105301857,1.0,NA,176,119
4,Hospital_33,NA,NA,0.007431523874402046,1.0,NA,176,119
4,Hospital_34,0.01441578773249473,0.996606334841629,0.07635918434243649,0.9943181818181818,884,176,119
4,Hospital_35,NA,NA,0.039087338373064995,0.9943181818181818,NA,176,119
4,Hospital_36,NA,NA,0.03473950922489166,0.9943502824858758,NA,177,118
4,Hospital_37,0.018798775305705413,0.994343891402715,0.012206351850181818,1.0,884,176,119
4,Hospital_38,NA,NA,0.009145185584202409,0.9943181818181818,NA,176,119
4,Hospital_39,0.01068306461508785,0.998868778280543,0.047140713315457106,0.9886363636363636,884,176,119
4,Hospital_40,0.014158673418153609,0.997737556561086,0.012564156204462051,1.0,884,176,119
4,Hospital_41,NA,NA,0.01104010408744216,1.0,NA,176,119
4,Hospital_42,0.018424439975725754,0.9932126696832579,0.056025865487754345,0.9886363636363636,884,176,119
4,Hospital_43,0.013285820571971791,0.996606334841629,0.07482726778835058,0.9886363636363636,884,176,119
4,Hospital_44,0.012251008235450302,0.995475113122172,0.018529845168814063,0.9943181818181818,884,176,119
4,Hospital_45,NA,NA,0.005936745321378112,1.0,NA,176,119
4,Hospital_46,NA,NA,0.06308989878743887,0.9829545454545454,NA,176,119
4,Hospital_47,NA,NA,0.013744986150413752,0.9943181818181818,NA,176,119
4,Hospital_48,0.021444674747596894,0.9932126696832579,0.014071669429540634,0.9886363636363636,884,176,119
4,Hospital_49,0.012673983350396156,0.9954802259887006,0.03097557509317994,0.9887005649717514,885,177,118
4,Hospital_50,NA,NA,0.06062735849991441,0.9943181818181818,NA,176,119
5,Hospital_1,NA,NA,0.015996373258531094,1.0,NA,176,119
5,Hospital_2,0.005789285060018301,1.0,0.014766531414352357,1.0,884,176,119
5,Hospital_3,0.053157434931823185,0.9807692307692307,0.09971257485449314,0.9772727272727273,884,176,119
5,Hospital_4,NA,NA,0.02804315509274602,0.9943181818181818,NA,176,119
5,Hospital_5,0.008976203988173179,1.0,0.02422223472967744,0.9943181818181818,884,176,119
5,Hospital_6,NA,NA,0.005439329193904996,1.0,NA,176,119
5,Hospital_7,NA,NA,0.01411849306896329,1.0,NA,176,119
5,Hospital_8,NA,NA,0.01228180737234652,0.9943502824858758,NA,177,118
5,Hospital_9,NA,NA,0.004401038633659482,1.0,NA,176,119
5,Hospital_10,NA,NA,0.019171757390722632,1.0,NA,176,119
5,Hospital_11,NA,NA,0.01558009663131088,1.0,NA,176,119
5,Hospital_12,0.013094432851565736,0.997737556561086,0.008669496746733785,1.0,884,176,119
5,Hospital_13,NA,NA,0.007418921566568315,1.0,NA,176,119
5,Hospital_14,NA,NA,0.007705386378802359,1.0,NA,176,119
5,Hospital_15,0.009311757582638944,0.997737556561086,0.004795390879735351,1.0,884,176,119
5,Hospital_16,0.011398443686110633,0.996606334841629,0.016491014510393143,1.0,884,176,119
5,Hospital_17,0.009400878766817706,0.998868778280543,0.09641254739835858,0.9829545454545454,884,176,119
5,Hospital_18,NA,NA,0.02025871304795146,0.9943181818181818,NA,176,119
5,Hospital_19,NA,NA,0.008441593148745596,1.0,NA,176,119
5,Hospital_20,0.013097402240548815,0.995475113122172,0.026543199084699154,0.9886363636363636,884,176,119
5,Hospital_21,0.008731584497062224,0.996606334841629,0.012985830195248127,1.0,884,176,119
5,Hospital_22,NA,NA,0.0288506984943524,0.9943181818181818,NA,176,119
5,Hospital_23,0.010402908881327935,0.998868778280543,0.013659636257216334,1.0,884,176,119
5,Hospital_24,0.01160430143188153,0.9966101694915255,0.05722446087747812,0.9887005649717514,885,177,118
5,Hospital_25,0.01327007606492511,0.995475113122172,0.013484112219884992,1.0,884,176,119
5,Hospital_26,0.018726597872695754,0.9932126696832579,0.03958297334611416,0.9886363636363636,884,176,119
5,Hospital_27,0.012841086901192154,0.9932126696832579,0.0126399319851771,1.0,884,176,119
5,Hospital_28,0.024901099170425108,0.9920814479638009,0.022011485532857478,1.0,884,176,119
5,Hospital_29,0.010967297712340951,0.997737556561086,0.09131240472197533,0.9772727272727273,884,176,119
5,Hospital_30,0.012709446151607804,0.9932126696832579,0.04641515947878361,0.9886363636363636,884,176,119
5,Hospital_31,NA,NA,0.01452454668469727,1.0,NA,176,119
5,Hospital_32,NA,NA,0.017515341634862125,1.0,NA,176,119
5,Hospital_33,0.013981259361441647,0.997737556561086,0.005284010898321867,1.0,884,176,119
5,Hospital_34,NA,NA,0.06493829563260078,0.9943181818181818,NA,176,119
5,Hospital_35,0.025907369596617564,0.9909502262443439,0.0291916896821931,0.9943181818181818,884,176,119
5,Hospital_36,NA,NA,0.028682279400527477,0.9943502824858758,NA,177,118
5,Hospital_37,0.014651001497570957,0.996606334841629,0.00808160554151982,1.0,884,176,119
5,Hospital_38,NA,NA,0.006332995370030403,1.0,NA,176,119
5,Hospital_39,NA,NA,0.030840168648865074,0.9943181818181818,NA,176,119
5,Hospital_40,0.00803286099939474,1.0,0.00919954595156014,1.0,884,176,119
5,Hospital_41,0.008123023535258003,1.0,0.008612366626039147,1.0,884,176,119
5,Hospital_42,0.007277630336050477,0.998868778280543,0.042958185891620815,0.9943181818181818,884,176,119
5,Hospital_43,0.007366905953469021,1.0,0.07292597368359566,0.9943181818181818,884,176,119
5,Hospital_44,0.007708282476024968,0.998868778280543,0.014285680837929249,1.0,884,176,119
5,Hospital_45,NA,NA,0.004170462139882147,1.0,NA,176,119
5,Hospital_46,0.020996121490108117,0.9932126696832579,0.053453018656000495,0.9943181818181818,884,176,119
5,Hospital_47,0.017153252714446614,0.996606334841629,0.010895612183958292,1.0,884,176,119
5,Hospital_48,0.011354279687761195,0.996606334841629,0.010307211428880692,1.0,884,176,119
5,Hospital_49,0.009819367584506316,0.9954802259887006,0.023639830527827144,1.0,885,177,118
5,Hospital_50,0.01096430716903082,0.996606334841629,0.05933598941192031,0.9943181818181818,884,176,119
6,Hospital_1,NA,NA,0.01495392806828022,1.0,NA,176,119
6,Hospital_2,NA,NA,0.01500305300578475,1.0,NA,176,119
6,Hospital_3,NA,NA,0.09337792918086052,0.9772727272727273,NA,176,119
6,Hospital_4,0.007034350868447551,0.997737556561086,0.026050970423966646,1.0,884,176,119
6,Hospital_5,0.008269864400582654,0.998868778280543,0.01787057053297758,1.0,884,176,119
6,Hospital_6,0.057237327098846436,0.9864253393665159,0.013609791174530983,1.0,884,176,119
6,Hospital_7,0.007719421892293862,0.998868778280543,0.018844178412109613,1.0,884,176,119
6,Hospital_8,NA,NA,0.022587297949939966,0.9887005649717514,NA,177,118
6,Hospital_9,NA,NA,0.013334290124475956,1.0,NA,176,119
6,Hospital_10,0.008370844248150076,0.997737556561086,0.03766541834920645,1.0,884,176,119
6,Hospital_11,0.005524097343108484,1.0,0.016019666101783514,1.0,884,176,119
6,Hospital_12,0.011489057979945625,0.996606334841629,0.021880533546209335,0.9943181818181818,884,176,119
6,Hospital_13,NA,NA,0.01201622374355793,1.0,NA,176,119
6,Hospital_14,0.21352943352290563,0.9581447963800905,0.015375505085103214,1.0,884,176,119
6,Hospital_15,0.005591570466224637,1.0,0.017400946002453566,1.0,884,176,119
6,Hospital_16,NA,NA,0.018288468476384878,0.9943181818181818,NA,176,119
6,Hospital_17,0.037512670271098614,0.9864253393665159,0.0896611912176013,0.9772727272727273,884,176,119
6,Hospital_18,0.005245445495737451,1.0,0.019577113911509514,1.0,884,176,119
6,Hospital_19,0.00850988319143653,0.998868778280543,0.012293286621570587,0.9943181818181818,884,176,119
6,Hospital_20,0.009329869944070066,0.998868778280543,0.025245096534490585,0.9943181818181818,884,176,119
6,Hospital_21,NA,NA,0.026569757610559464,0.9943181818181818,NA,176,119
6,Hospital_22,NA,NA,0.023733013309538364,0.9943181818181818,NA,176,119
6,Hospital_23,0.008980326021888427,0.996606334841629,0.029023739509284496,0.9943181818181818,884,176,119
6,Hospital_24,0.008725358622281678,0.9988700564971752,0.05715559050440788,0.9887005649717514,885,177,118
6,Hospital_25,NA,NA,0.01772283297032118,1.0,NA,176,119
6,Hospital_26,0.01021077816507646,0.998868778280543,0.03496401943266392,0.9943181818181818,884,176,119
6,Hospital_27,NA,NA,0.015272777527570724,1.0,NA,176,119
6,Hospital_28,NA,NA,0.03753063618205488,0.9943181818181818,NA,176,119
6,Hospital_29,0.00694768237216132,1.0,0.14399320632219315,0.9772727272727273,884,176,119
6,Hospital_30,0.0071611361178968635,0.998868778280543,0.04071089252829552,0.9943181818181818,884,176,119
6,Hospital_31,0.016324612378541912,0.995475113122172,0.018993034027516842,0.9943181818181818,884,176,119
6,Hospital_32,0.008146799867972732,0.998868778280543,0.02042995672672987,1.0,884,176,119
6,Hospital_33,0.0082852918255542,0.997737556561086,0.014408175833523273,1.0,884,176,119
6,Hospital_34,0.007424553457115378,0.998868778280543,0.053042607847601175,0.9943181818181818,884,176,119
6,Hospital_35,0.019518426885562285,0.9920814479638009,0.0219684187322855,0.9943181818181818,884,176,119
6,Hospital_36,0.011270036189151662,0.9988700564971752,0.03075991477817297,0.9887005649717514,885,177,118
6,Hospital_37,NA,NA,0.01419328385964036,1.0,NA,176,119
6,Hospital_38,NA,NA,0.015612281858921051,1.0,NA,176,119
6,Hospital_39,NA,NA,0.023038087878376245,1.0,NA,176,119
6,Hospital_40,0.007011689944192767,1.0,0.016622547525912523,1.0,884,176,119
6,Hospital_41,NA,NA,0.020049715414643288,1.0,NA,176,119
6,Hospital_42,NA,NA,0.0435596676543355,0.9886363636363636,NA,176,119
6,Hospital_43,NA,NA,0.056764595210552216,0.9943181818181818,NA,176,119
6,Hospital_44,0.006152433343231678,1.0,0.01500101387500763,1.0,884,176,119
6,Hospital_45,0.008810195273586683,1.0,0.012739348690956831,1.0,884,176,119
6,Hospital_46,0.00727399781213275,0.998868778280543,0.05124313943088055,0.9943181818181818,884,176,119
6,Hospital_47,0.06520093591617686,0.9773755656108597,0.01914507057517767,1.0,884,176,119
6,Hospital_48,NA,NA,0.013186803087592125,1.0,NA,176,119
6,Hospital_49,0.012534999554710729,0.9977401129943503,0.02673086104914546,1.0,885,177,118
6,Hospital_50,NA,NA,0.08705556765198708,0.9886363636363636,NA,176,119
7,Hospital_1,NA,NA,0.010181051446124911,1.0,NA,176,119
7,Hospital_2,0.0033471049308510764,1.0,0.009668100712588057,1.0,884,176,119
7,Hospital_3,NA,NA,0.07663886435329914,0.9829545454545454,NA,176,119
7,Hospital_4,0.0061650870900068966,0.998868778280543,0.015164610464125872,1.0,884,176,119
7,Hospital_5,0.005030793670032706,1.0,0.013600314501672983,0.9943181818181818,884,176,119
7,Hospital_6,0.005864246906380036,0.998868778280543,0.002388696768321097,1.0,884,176,119
7,Hospital_7,NA,NA,0.008575762039981782,1.0,NA,176,119
7,Hospital_8,NA,NA,0.009373127715662122,0.9943502824858758,NA,177,118
7,Hospital_9,0.013403871761901038,0.995475113122172,0.0025548726553097367,1.0,884,176,119
7,Hospital_10,0.005285410809197596,0.998868778280543,0.011911529931239784,1.0,884,176,119
7,Hospital_11,0.014813101418050272,0.997737556561086,0.009594952542101964,1.0,884,176,119
7,Hospital_12,0.009057088023317712,0.997737556561086,0.004713451722636819,1.0,884,176,119
7,Hospital_13,NA,NA,0.0043257311917841434,1.0,NA,176,119
7,Hospital_14,0.009916274542255061,0.996606334841629,0.0033524682658025995,1.0,884,176,119
7,Hospital_15,NA,NA,0.0025152815505862236,1.0,NA,176,119
7,Hospital_16,0.007175898412242532,0.998868778280543,0.006913550954777747,1.0,884,176,119
7,Hospital_17,0.005702643222840769,1.0,0.08412642520852387,0.9829545454545454,884,176,119
7,Hospital_18,0.005271020578220487,1.0,0.010821184638189152,1.0,884,176,119
7,Hospital_19,NA,NA,0.004492029489483684,1.0,NA,176,119
7,Hospital_20,NA,NA,0.017541303299367428,0.9943181818181818,NA,176,119
7,Hospital_21,NA,NA,0.007258365163579583,1.0,NA,176,119
7,Hospital_22,0.004437711888125965,1.0,0.016256668139249086,1.0,884,176,119
7,Hospital_23,NA,NA,0.007710546022281051,1.0,NA,176,119
7,Hospital_24,0.005408454919233918,1.0,0.04552541393786669,0.9887005649717514,885,177,118
7,Hospital_25,NA,NA,0.007683184812776744,1.0,NA,176,119
7,Hospital_26,0.006325579913599151,1.0,0.028762174770236015,0.9886363636363636,884,176,119
7,Hospital_27,0.007528591136048947,0.998868778280543,0.007825899054296315,1.0,884,176,119
7,Hospital_28,NA,NA,0.014324404008220881,1.0,NA,176,119
7,Hospital_29,0.005009786425424474,1.0,0.08950894325971603,0.9829545454545454,884,176,119
7,Hospital_30,0.003939440374129585,1.0,0.03585678804665804,0.9886363636363636,884,176,119
7,Hospital_31,NA,NA,0.008391027571633458,1.0,NA,176,119
7,Hospital_32,0.01343667647701555,0.9932126696832579,0.008532508625648916,1.0,884,176,119
7,Hospital_33,0.02554784874830927,0.996606334841629,0.0027668193797580898,1.0,884,176,119
7,Hospital_34,0.01162982512531536,0.994343891402715,0.04771731491200626,0.9943181818181818,884,176,119
7,Hospital_35,0.011425702034362726,0.995475113122172,0.013040568795986474,0.9943181818181818,884,176,119
7,Hospital_36,0.00556672820156174,1.0,0.016726460307836533,0.9943502824858758,885,177,118
7,Hospital_37,NA,NA,0.0037301989505067468,1.0,NA,176,119
7,Hospital_38,NA,NA,0.003226294182240963,1.0,NA,176,119
7,Hospital_39,NA,NA,0.013224825903307647,1.0,NA,176,119
7,Hospital_40,0.005359950541917767,1.0,0.005296065704897046,1.0,884,176,119
7,Hospital_41,NA,NA,0.0041975388885475695,1.0,NA,176,119
7,Hospital_42,0.005060690721230847,0.998868778280543,0.023273960396181792,1.0,884,176,119
7,Hospital_43,NA,NA,0.05720546864904463,0.9943181818181818,NA,176,119
7,Hospital_44,0.005633059722770538,1.0,0.009954648528946564,1.0,884,176,119
7,Hospital_45,0.01421077672525176,0.996606334841629,0.002076045027934015,1.0,884,176,119
7,Hospital_46,0.008809566131926008,0.998868778280543,0.04874989902600646,0.9886363636363636,884,176,119
7,Hospital_47,0.006939387946788754,0.998868778280543,0.007240040926262736,1.0,884,176,119
7,Hospital_48,NA,NA,0.007991974474862218,1.0,NA,176,119
7,Hospital_49,0.004770778784794467,1.0,0.01410942617803812,1.0,885,177,118
7,Hospital_50,NA,NA,0.038514029467478395,0.9943181818181818,NA,176,119
8,Hospital_1,0.0037011057969981004,1.0,0.025254353415220976,0.9886363636363636,884,176,119
8,Hospital_2,NA,NA,0.02949232346145436,0.9886363636363636,NA,176,119
8,Hospital_3,0.01320099867215114,0.997737556561086,0.07945583760738373,0.9602272727272727,884,176,119
8,Hospital_4,0.006205829974663045,0.997737556561086,0.03099319152534008,0.9943181818181818,884,176,119
8,Hospital_5,0.004101990073520158,1.0,0.011459968518465757,1.0,884,176,119
8,Hospital_6,NA,NA,0.008123758831061423,1.0,NA,176,119
8,Hospital_7,NA,NA,0.027949414041358978,0.9943181818181818,NA,176,119
8,Hospital_8,0.004195096636457103,1.0,0.013860901352018118,0.9943502824858758,885,177,118
8,Hospital_9,0.006295718053089721,0.997737556561086,0.010779366071801633,1.0,884,176,119
8,Hospital_10,NA,NA,0.040602610213682055,0.9886363636363636,NA,176,119
8,Hospital_11,0.004188966039302093,1.0,0.031731606635730714,0.9886363636363636,884,176,119
8,Hospital_12,NA,NA,0.013002809835597873,1.0,NA,176,119
8,Hospital_13,NA,NA,0.012827944359742105,0.9943181818181818,NA,176,119
8,Hospital_14,0.10061518741505486,0.9762443438914027,0.014397187856957316,1.0,884,176,119
8,Hospital_15,0.0030821120516130967,1.0,0.010496248374693096,1.0,884,176,119
8,Hospital_16,0.003612167833905135,1.0,0.01858486281707883,0.9943181818181818,884,176,119
8,Hospital_17,0.005165445377185408,1.0,0.046925072092562914,0.9886363636363636,884,176,119
8,Hospital_18,0.003426761383057705,1.0,0.02407499763648957,0.9943181818181818,884,176,119
8,Hospital_19,NA,NA,0.01416951883584261,0.9943181818181818,NA,176,119
8,Hospital_20,NA,NA,0.03379291342571378,0.9886363636363636,NA,176,119
8,Hospital_21,NA,NA,0.020780746825039387,0.9943181818181818,NA,176,119
8,Hospital_22,0.0037554914264806677,1.0,0.04209013673244044,0.9829545454545454,884,176,119
8,Hospital_23,0.018076173961162567,0.994343891402715,0.026111449231393635,0.9943181818181818,884,176,119
8,Hospital_24,NA,NA,0.04416319727897644,0.9830508474576272,NA,177,118
8,Hospital_25,NA,NA,0.02863901830278337,0.9943181818181818,NA,176,119
8,Hospital_26,0.006630935639675174,0.997737556561086,0.054398785810917616,0.9715909090909091,884,176,119
8,Hospital_27,0.006573907565325499,0.998868778280543,0.023553092498332262,0.9886363636363636,884,176,119
8,Hospital_28,0.018515627698174546,0.995475113122172,0.0380710611352697,0.9886363636363636,884,176,119
8,Hospital_29,0.0045634320039036015,1.0,0.1386113464832306,0.9772727272727273,884,176,119
8,Hospital_30,NA,NA,0.04842720180749893,0.9829545454545454,NA,176,119
8,Hospital_31,0.012657343642786145,0.995475113122172,0.026307757012546062,0.9886363636363636,884,176,119
8,Hospital_32,NA,NA,0.02582282107323408,0.9943181818181818,NA,176,119
8,Hospital_33,0.011698791291564703,0.996606334841629,0.007100316695868969,1.0,884,176,119
8,Hospital_34,NA,NA,0.04345441912300885,0.9886363636363636,NA,176,119
8,Hospital_35,NA,NA,0.023022282286547124,0.9943181818181818,NA,176,119
8,Hospital_36,0.003394311826143946,1.0,0.027764830738306046,0.9887005649717514,885,177,118
8,Hospital_37,NA,NA,0.005828496417962015,1.0,NA,176,119
8,Hospital_38,0.005015393519507987,0.998868778280543,0.009702437906526029,1.0,884,176,119
8,Hospital_39,NA,NA,0.03105175052769482,0.9886363636363636,NA,176,119
8,Hospital_40,0.0052697214497519395,1.0,0.015093284542672336,0.9943181818181818,884,176,119
8,Hospital_41,0.004365519687001195,1.0,0.020137825631536543,1.0,884,176,119
8,Hospital_42,NA,NA,0.053775547072291374,0.9772727272727273,NA,176,119
8,Hospital_43,0.002747361664660275,1.0,0.050276440335437655,0.9886363636363636,884,176,119
8,Hospital_44,NA,NA,0.029469658387824893,0.9886363636363636,NA,176,119
8,Hospital_45,0.00842951178284628,0.997737556561086,0.008405638858675957,1.0,884,176,119
8,Hospital_46,0.005792851426771709,1.0,0.04583876300603151,0.9886363636363636,884,176,119
8,Hospital_47,NA,NA,0.019830672070384026,0.9943181818181818,NA,176,119
8,Hospital_48,0.013969943526067905,0.995475113122172,0.016966168535873294,0.9943181818181818,884,176,119
8,Hospital_49,0.006236574462881046,0.9988700564971752,0.042650080227758735,0.9830508474576272,885,177,118
8,Hospital_50,0.004741950617504439,1.0,0.07399131264537573,0.9829545454545454,884,176,119
